TIME,GEO,UNIT,SEX,AGE,ICD10,Value,DEATHS
2001,France,Number,Males,Total,Accidental poisoning by and exposure to noxious substances,459,459
2001,France,Number,Females,Total,Accidental poisoning by and exposure to noxious substances,496,496
2002,France,Number,Males,Total,Accidental poisoning by and exposure to noxious substances,405,405
2002,France,Number,Females,Total,Accidental poisoning by and exposure to noxious substances,458,458
2003,France,Number,Males,Total,Accidental poisoning by and exposure to noxious substances,513,513
2003,France,Number,Females,Total,Accidental poisoning by and exposure to noxious substances,507,507
2004,France,Number,Males,Total,Accidental poisoning by and exposure to noxious substances,467,467
2004,France,Number,Females,Total,Accidental poisoning by and exposure to noxious substances,466,466
2005,France,Number,Males,Total,Accidental poisoning by and exposure to noxious substances,571,571
2005,France,Number,Females,Total,Accidental poisoning by and exposure to noxious substances,464,464
2006,France,Number,Males,Total,Accidental poisoning by and exposure to noxious substances,555,555
2006,France,Number,Females,Total,Accidental poisoning by and exposure to noxious substances,510,510
2007,France,Number,Males,Total,Accidental poisoning by and exposure to noxious substances,709,709
2007,France,Number,Females,Total,Accidental poisoning by and exposure to noxious substances,517,517
2008,France,Number,Males,Total,Accidental poisoning by and exposure to noxious substances,785,785
2008,France,Number,Females,Total,Accidental poisoning by and exposure to noxious substances,630,630
2001,France,Number,Males,Total,Accidents,15 867,15867
2001,France,Number,Females,Total,Accidents,13 165,13165
2002,France,Number,Males,Total,Accidents,15 515,15515
2002,France,Number,Females,Total,Accidents,12 693,12693
2003,France,Number,Males,Total,Accidents,15 299,15299
2003,France,Number,Females,Total,Accidents,13 624,13624
2004,France,Number,Males,Total,Accidents,13 599,13599
2004,France,Number,Females,Total,Accidents,11 078,11078
2005,France,Number,Males,Total,Accidents,13 944,13944
2005,France,Number,Females,Total,Accidents,11 370,11370
2006,France,Number,Males,Total,Accidents,13 524,13524
2006,France,Number,Females,Total,Accidents,10 861,10861
2007,France,Number,Males,Total,Accidents,13 585,13585
2007,France,Number,Females,Total,Accidents,10 951,10951
2008,France,Number,Males,Total,Accidents,13 815,13815
2008,France,Number,Females,Total,Accidents,11 051,11051
2001,France,Number,Males,Total,All causes of death ,277 858,277858
2001,France,Number,Females,Total,All causes of death ,263 325,263325
2002,France,Number,Males,Total,All causes of death ,278 794,278794
2002,France,Number,Females,Total,All causes of death ,266 555,266555
2003,France,Number,Males,Total,All causes of death ,284 729,284729
2003,France,Number,Females,Total,All causes of death ,277 858,277858
2004,France,Number,Males,Total,All causes of death ,268 653,268653
2004,France,Number,Females,Total,All causes of death ,250 788,250788
2005,France,Number,Males,Total,All causes of death ,276 553,276553
2005,France,Number,Females,Total,All causes of death ,261 633,261633
2006,France,Number,Males,Total,All causes of death ,271 406,271406
2006,France,Number,Females,Total,All causes of death ,255 160,255160
2007,France,Number,Males,Total,All causes of death ,273 401,273401
2007,France,Number,Females,Total,All causes of death ,257 419,257419
2008,France,Number,Males,Total,All causes of death ,277 598,277598
2008,France,Number,Females,Total,All causes of death ,265 541,265541
2001,France,Number,Males,Total,Assault,324,324
2001,France,Number,Females,Total,Assault,210,210
2002,France,Number,Males,Total,Assault,325,325
2002,France,Number,Females,Total,Assault,211,211
2003,France,Number,Males,Total,Assault,306,306
2003,France,Number,Females,Total,Assault,197,197
2004,France,Number,Males,Total,Assault,311,311
2004,France,Number,Females,Total,Assault,213,213
2005,France,Number,Males,Total,Assault,326,326
2005,France,Number,Females,Total,Assault,168,168
2006,France,Number,Males,Total,Assault,327,327
2006,France,Number,Females,Total,Assault,159,159
2007,France,Number,Males,Total,Assault,268,268
2007,France,Number,Females,Total,Assault,166,166
2008,France,Number,Males,Total,Assault,347,347
2008,France,Number,Females,Total,Assault,166,166
2001,France,Number,Males,Total,Asthma and status asthmaticus,647,647
2001,France,Number,Females,Total,Asthma and status asthmaticus,871,871
2002,France,Number,Males,Total,Asthma and status asthmaticus,559,559
2002,France,Number,Females,Total,Asthma and status asthmaticus,872,872
2003,France,Number,Males,Total,Asthma and status asthmaticus,516,516
2003,France,Number,Females,Total,Asthma and status asthmaticus,895,895
2004,France,Number,Males,Total,Asthma and status asthmaticus,410,410
2004,France,Number,Females,Total,Asthma and status asthmaticus,753,753
2005,France,Number,Males,Total,Asthma and status asthmaticus,433,433
2005,France,Number,Females,Total,Asthma and status asthmaticus,758,758
2006,France,Number,Males,Total,Asthma and status asthmaticus,388,388
2006,France,Number,Females,Total,Asthma and status asthmaticus,657,657
2007,France,Number,Males,Total,Asthma and status asthmaticus,368,368
2007,France,Number,Females,Total,Asthma and status asthmaticus,694,694
2008,France,Number,Males,Total,Asthma and status asthmaticus,336,336
2008,France,Number,Females,Total,Asthma and status asthmaticus,613,613
2001,France,Number,Males,Total,Cerebrovascular diseases,16 223,16223
2001,France,Number,Females,Total,Cerebrovascular diseases,22 599,22599
2002,France,Number,Males,Total,Cerebrovascular diseases,15 948,15948
2002,France,Number,Females,Total,Cerebrovascular diseases,21 835,21835
2003,France,Number,Males,Total,Cerebrovascular diseases,16 120,16120
2003,France,Number,Females,Total,Cerebrovascular diseases,22 116,22116
2004,France,Number,Males,Total,Cerebrovascular diseases,14 515,14515
2004,France,Number,Females,Total,Cerebrovascular diseases,20 024,20024
2005,France,Number,Males,Total,Cerebrovascular diseases,14 844,14844
2005,France,Number,Females,Total,Cerebrovascular diseases,20 076,20076
2006,France,Number,Males,Total,Cerebrovascular diseases,14 235,14235
2006,France,Number,Females,Total,Cerebrovascular diseases,19 390,19390
2007,France,Number,Males,Total,Cerebrovascular diseases,14 085,14085
2007,France,Number,Females,Total,Cerebrovascular diseases,18 724,18724
2008,France,Number,Males,Total,Cerebrovascular diseases,13 951,13951
2008,France,Number,Females,Total,Cerebrovascular diseases,19 211,19211
2001,France,Number,Males,Total,Certain conditions originating in the perinatal period ,1 006,1006
2001,France,Number,Females,Total,Certain conditions originating in the perinatal period ,748,748
2002,France,Number,Males,Total,Certain conditions originating in the perinatal period ,947,947
2002,France,Number,Females,Total,Certain conditions originating in the perinatal period ,698,698
2003,France,Number,Males,Total,Certain conditions originating in the perinatal period ,910,910
2003,France,Number,Females,Total,Certain conditions originating in the perinatal period ,673,673
2004,France,Number,Males,Total,Certain conditions originating in the perinatal period ,889,889
2004,France,Number,Females,Total,Certain conditions originating in the perinatal period ,676,676
2005,France,Number,Males,Total,Certain conditions originating in the perinatal period ,867,867
2005,France,Number,Females,Total,Certain conditions originating in the perinatal period ,661,661
2006,France,Number,Males,Total,Certain conditions originating in the perinatal period ,910,910
2006,France,Number,Females,Total,Certain conditions originating in the perinatal period ,638,638
2007,France,Number,Males,Total,Certain conditions originating in the perinatal period ,859,859
2007,France,Number,Females,Total,Certain conditions originating in the perinatal period ,642,642
2008,France,Number,Males,Total,Certain conditions originating in the perinatal period ,876,876
2008,France,Number,Females,Total,Certain conditions originating in the perinatal period ,695,695
2001,France,Number,Males,Total,Certain infectious and parasitic diseases ,5 347,5347
2001,France,Number,Females,Total,Certain infectious and parasitic diseases ,5 157,5157
2002,France,Number,Males,Total,Certain infectious and parasitic diseases ,5 468,5468
2002,France,Number,Females,Total,Certain infectious and parasitic diseases ,5 194,5194
2003,France,Number,Males,Total,Certain infectious and parasitic diseases ,5 616,5616
2003,France,Number,Females,Total,Certain infectious and parasitic diseases ,5 781,5781
2004,France,Number,Males,Total,Certain infectious and parasitic diseases ,5 067,5067
2004,France,Number,Females,Total,Certain infectious and parasitic diseases ,4 824,4824
2005,France,Number,Males,Total,Certain infectious and parasitic diseases ,5 206,5206
2005,France,Number,Females,Total,Certain infectious and parasitic diseases ,5 063,5063
2006,France,Number,Males,Total,Certain infectious and parasitic diseases ,5 331,5331
2006,France,Number,Females,Total,Certain infectious and parasitic diseases ,4 961,4961
2007,France,Number,Males,Total,Certain infectious and parasitic diseases ,5 266,5266
2007,France,Number,Females,Total,Certain infectious and parasitic diseases ,4 938,4938
2008,France,Number,Males,Total,Certain infectious and parasitic diseases ,5 434,5434
2008,France,Number,Females,Total,Certain infectious and parasitic diseases ,5 486,5486
2001,France,Number,Males,Total,Chronic liver disease,6 174,6174
2001,France,Number,Females,Total,Chronic liver disease,2 602,2602
2002,France,Number,Males,Total,Chronic liver disease,6 037,6037
2002,France,Number,Females,Total,Chronic liver disease,2 600,2600
2003,France,Number,Males,Total,Chronic liver disease,6 122,6122
2003,France,Number,Females,Total,Chronic liver disease,2 479,2479
2004,France,Number,Males,Total,Chronic liver disease,5 601,5601
2004,France,Number,Females,Total,Chronic liver disease,2 327,2327
2005,France,Number,Males,Total,Chronic liver disease,5 579,5579
2005,France,Number,Females,Total,Chronic liver disease,2 340,2340
2006,France,Number,Males,Total,Chronic liver disease,5 554,5554
2006,France,Number,Females,Total,Chronic liver disease,2 308,2308
2007,France,Number,Males,Total,Chronic liver disease,5 453,5453
2007,France,Number,Females,Total,Chronic liver disease,2 321,2321
2008,France,Number,Males,Total,Chronic liver disease,5 440,5440
2008,France,Number,Females,Total,Chronic liver disease,2 234,2234
2001,France,Number,Males,Total,Chronic lower respiratory diseases,5 566,5566
2001,France,Number,Females,Total,Chronic lower respiratory diseases,3 291,3291
2002,France,Number,Males,Total,Chronic lower respiratory diseases,5 656,5656
2002,France,Number,Females,Total,Chronic lower respiratory diseases,3 390,3390
2003,France,Number,Males,Total,Chronic lower respiratory diseases,6 108,6108
2003,France,Number,Females,Total,Chronic lower respiratory diseases,3 714,3714
2004,France,Number,Males,Total,Chronic lower respiratory diseases,5 446,5446
2004,France,Number,Females,Total,Chronic lower respiratory diseases,3 286,3286
2005,France,Number,Males,Total,Chronic lower respiratory diseases,6 026,6026
2005,France,Number,Females,Total,Chronic lower respiratory diseases,3 676,3676
2006,France,Number,Males,Total,Chronic lower respiratory diseases,5 511,5511
2006,France,Number,Females,Total,Chronic lower respiratory diseases,3 305,3305
2007,France,Number,Males,Total,Chronic lower respiratory diseases,5 649,5649
2007,France,Number,Females,Total,Chronic lower respiratory diseases,3 539,3539
2008,France,Number,Males,Total,Chronic lower respiratory diseases,5 808,5808
2008,France,Number,Females,Total,Chronic lower respiratory diseases,3 483,3483
2001,France,Number,Males,Total,Congenital malformations of the circulatory system,329,329
2001,France,Number,Females,Total,Congenital malformations of the circulatory system,312,312
2002,France,Number,Males,Total,Congenital malformations of the circulatory system,321,321
2002,France,Number,Females,Total,Congenital malformations of the circulatory system,286,286
2003,France,Number,Males,Total,Congenital malformations of the circulatory system,341,341
2003,France,Number,Females,Total,Congenital malformations of the circulatory system,287,287
2004,France,Number,Males,Total,Congenital malformations of the circulatory system,340,340
2004,France,Number,Females,Total,Congenital malformations of the circulatory system,293,293
2005,France,Number,Males,Total,Congenital malformations of the circulatory system,312,312
2005,France,Number,Females,Total,Congenital malformations of the circulatory system,268,268
2006,France,Number,Males,Total,Congenital malformations of the circulatory system,330,330
2006,France,Number,Females,Total,Congenital malformations of the circulatory system,292,292
2007,France,Number,Males,Total,Congenital malformations of the circulatory system,354,354
2007,France,Number,Females,Total,Congenital malformations of the circulatory system,254,254
2008,France,Number,Males,Total,Congenital malformations of the circulatory system,279,279
2008,France,Number,Females,Total,Congenital malformations of the circulatory system,261,261
2001,France,Number,Males,Total,Congenital malformations of the nervous system,88,88
2001,France,Number,Females,Total,Congenital malformations of the nervous system,92,92
2002,France,Number,Males,Total,Congenital malformations of the nervous system,65,65
2002,France,Number,Females,Total,Congenital malformations of the nervous system,54,54
2003,France,Number,Males,Total,Congenital malformations of the nervous system,77,77
2003,France,Number,Females,Total,Congenital malformations of the nervous system,82,82
2004,France,Number,Males,Total,Congenital malformations of the nervous system,87,87
2004,France,Number,Females,Total,Congenital malformations of the nervous system,74,74
2005,France,Number,Males,Total,Congenital malformations of the nervous system,63,63
2005,France,Number,Females,Total,Congenital malformations of the nervous system,59,59
2006,France,Number,Males,Total,Congenital malformations of the nervous system,84,84
2006,France,Number,Females,Total,Congenital malformations of the nervous system,64,64
2007,France,Number,Males,Total,Congenital malformations of the nervous system,69,69
2007,France,Number,Females,Total,Congenital malformations of the nervous system,52,52
2008,France,Number,Males,Total,Congenital malformations of the nervous system,68,68
2008,France,Number,Females,Total,Congenital malformations of the nervous system,59,59
2001,France,Number,Males,Total,"Congenital malformations, deformations and chromosomal abnormalities (Q00-Q99)",892,892
2001,France,Number,Females,Total,"Congenital malformations, deformations and chromosomal abnormalities (Q00-Q99)",798,798
2002,France,Number,Males,Total,"Congenital malformations, deformations and chromosomal abnormalities (Q00-Q99)",777,777
2002,France,Number,Females,Total,"Congenital malformations, deformations and chromosomal abnormalities (Q00-Q99)",703,703
2003,France,Number,Males,Total,"Congenital malformations, deformations and chromosomal abnormalities (Q00-Q99)",858,858
2003,France,Number,Females,Total,"Congenital malformations, deformations and chromosomal abnormalities (Q00-Q99)",774,774
2004,France,Number,Males,Total,"Congenital malformations, deformations and chromosomal abnormalities (Q00-Q99)",831,831
2004,France,Number,Females,Total,"Congenital malformations, deformations and chromosomal abnormalities (Q00-Q99)",745,745
2005,France,Number,Males,Total,"Congenital malformations, deformations and chromosomal abnormalities (Q00-Q99)",828,828
2005,France,Number,Females,Total,"Congenital malformations, deformations and chromosomal abnormalities (Q00-Q99)",717,717
2006,France,Number,Males,Total,"Congenital malformations, deformations and chromosomal abnormalities (Q00-Q99)",843,843
2006,France,Number,Females,Total,"Congenital malformations, deformations and chromosomal abnormalities (Q00-Q99)",724,724
2007,France,Number,Males,Total,"Congenital malformations, deformations and chromosomal abnormalities (Q00-Q99)",899,899
2007,France,Number,Females,Total,"Congenital malformations, deformations and chromosomal abnormalities (Q00-Q99)",711,711
2008,France,Number,Males,Total,"Congenital malformations, deformations and chromosomal abnormalities (Q00-Q99)",762,762
2008,France,Number,Females,Total,"Congenital malformations, deformations and chromosomal abnormalities (Q00-Q99)",740,740
2001,France,Number,Males,Total,Diabetes mellitus,5 318,5318
2001,France,Number,Females,Total,Diabetes mellitus,6 223,6223
2002,France,Number,Males,Total,Diabetes mellitus,5 195,5195
2002,France,Number,Females,Total,Diabetes mellitus,6 517,6517
2003,France,Number,Males,Total,Diabetes mellitus,5 611,5611
2003,France,Number,Females,Total,Diabetes mellitus,6 744,6744
2004,France,Number,Males,Total,Diabetes mellitus,5 344,5344
2004,France,Number,Females,Total,Diabetes mellitus,6 053,6053
2005,France,Number,Males,Total,Diabetes mellitus,5 594,5594
2005,France,Number,Females,Total,Diabetes mellitus,6 210,6210
2006,France,Number,Males,Total,Diabetes mellitus,5 433,5433
2006,France,Number,Females,Total,Diabetes mellitus,6 086,6086
2007,France,Number,Males,Total,Diabetes mellitus,5 367,5367
2007,France,Number,Females,Total,Diabetes mellitus,6 134,6134
2008,France,Number,Males,Total,Diabetes mellitus,5 615,5615
2008,France,Number,Females,Total,Diabetes mellitus,6 098,6098
2001,France,Number,Males,Total,Diseases of kidney and ureter,2 809,2809
2001,France,Number,Females,Total,Diseases of kidney and ureter,3 056,3056
2002,France,Number,Males,Total,Diseases of kidney and ureter,3 099,3099
2002,France,Number,Females,Total,Diseases of kidney and ureter,3 251,3251
2003,France,Number,Males,Total,Diseases of kidney and ureter,3 139,3139
2003,France,Number,Females,Total,Diseases of kidney and ureter,3 269,3269
2004,France,Number,Males,Total,Diseases of kidney and ureter,3 106,3106
2004,France,Number,Females,Total,Diseases of kidney and ureter,3 194,3194
2005,France,Number,Males,Total,Diseases of kidney and ureter,3 228,3228
2005,France,Number,Females,Total,Diseases of kidney and ureter,3 411,3411
2006,France,Number,Males,Total,Diseases of kidney and ureter,3 258,3258
2006,France,Number,Females,Total,Diseases of kidney and ureter,3 391,3391
2007,France,Number,Males,Total,Diseases of kidney and ureter,3 239,3239
2007,France,Number,Females,Total,Diseases of kidney and ureter,3 551,3551
2008,France,Number,Males,Total,Diseases of kidney and ureter,3 559,3559
2008,France,Number,Females,Total,Diseases of kidney and ureter,3 606,3606
2001,France,Number,Males,Total,Diseases of the blood and blood-forming organs and certain disorders involving the immune mechanism,1 000,1000
2001,France,Number,Females,Total,Diseases of the blood and blood-forming organs and certain disorders involving the immune mechanism,1 292,1292
2002,France,Number,Males,Total,Diseases of the blood and blood-forming organs and certain disorders involving the immune mechanism,1 023,1023
2002,France,Number,Females,Total,Diseases of the blood and blood-forming organs and certain disorders involving the immune mechanism,1 229,1229
2003,France,Number,Males,Total,Diseases of the blood and blood-forming organs and certain disorders involving the immune mechanism,976,976
2003,France,Number,Females,Total,Diseases of the blood and blood-forming organs and certain disorders involving the immune mechanism,1 360,1360
2004,France,Number,Males,Total,Diseases of the blood and blood-forming organs and certain disorders involving the immune mechanism,1 003,1003
2004,France,Number,Females,Total,Diseases of the blood and blood-forming organs and certain disorders involving the immune mechanism,1 161,1161
2005,France,Number,Males,Total,Diseases of the blood and blood-forming organs and certain disorders involving the immune mechanism,983,983
2005,France,Number,Females,Total,Diseases of the blood and blood-forming organs and certain disorders involving the immune mechanism,1 231,1231
2006,France,Number,Males,Total,Diseases of the blood and blood-forming organs and certain disorders involving the immune mechanism,962,962
2006,France,Number,Females,Total,Diseases of the blood and blood-forming organs and certain disorders involving the immune mechanism,1 272,1272
2007,France,Number,Males,Total,Diseases of the blood and blood-forming organs and certain disorders involving the immune mechanism,1 025,1025
2007,France,Number,Females,Total,Diseases of the blood and blood-forming organs and certain disorders involving the immune mechanism,1 163,1163
2008,France,Number,Males,Total,Diseases of the blood and blood-forming organs and certain disorders involving the immune mechanism,1 004,1004
2008,France,Number,Females,Total,Diseases of the blood and blood-forming organs and certain disorders involving the immune mechanism,1 252,1252
2001,France,Number,Males,Total,Diseases of the circulatory system,75 350,75350
2001,France,Number,Females,Total,Diseases of the circulatory system,87 725,87725
2002,France,Number,Males,Total,Diseases of the circulatory system,74 756,74756
2002,France,Number,Females,Total,Diseases of the circulatory system,86 365,86365
2003,France,Number,Males,Total,Diseases of the circulatory system,75 040,75040
2003,France,Number,Females,Total,Diseases of the circulatory system,87 738,87738
2004,France,Number,Males,Total,Diseases of the circulatory system,70 815,70815
2004,France,Number,Females,Total,Diseases of the circulatory system,79 510,79510
2005,France,Number,Males,Total,Diseases of the circulatory system,71 557,71557
2005,France,Number,Females,Total,Diseases of the circulatory system,81 322,81322
2006,France,Number,Males,Total,Diseases of the circulatory system,69 625,69625
2006,France,Number,Females,Total,Diseases of the circulatory system,78 832,78832
2007,France,Number,Males,Total,Diseases of the circulatory system,69 630,69630
2007,France,Number,Females,Total,Diseases of the circulatory system,78 472,78472
2008,France,Number,Males,Total,Diseases of the circulatory system,69 721,69721
2008,France,Number,Females,Total,Diseases of the circulatory system,79 820,79820
2001,France,Number,Males,Total,Diseases of the circulatory system,13 226,13226
2001,France,Number,Females,Total,Diseases of the circulatory system,11 428,11428
2002,France,Number,Males,Total,Diseases of the circulatory system,13 000,13000
2002,France,Number,Females,Total,Diseases of the circulatory system,11 529,11529
2003,France,Number,Males,Total,Diseases of the circulatory system,13 453,13453
2003,France,Number,Females,Total,Diseases of the circulatory system,11 556,11556
2004,France,Number,Males,Total,Diseases of the circulatory system,12 538,12538
2004,France,Number,Females,Total,Diseases of the circulatory system,10 809,10809
2005,France,Number,Males,Total,Diseases of the circulatory system,12 758,12758
2005,France,Number,Females,Total,Diseases of the circulatory system,10 950,10950
2006,France,Number,Males,Total,Diseases of the circulatory system,12 758,12758
2006,France,Number,Females,Total,Diseases of the circulatory system,10 820,10820
2007,France,Number,Males,Total,Diseases of the circulatory system,12 641,12641
2007,France,Number,Females,Total,Diseases of the circulatory system,10 833,10833
2008,France,Number,Males,Total,Diseases of the circulatory system,12 981,12981
2008,France,Number,Females,Total,Diseases of the circulatory system,11 049,11049
2001,France,Number,Males,Total,Diseases of the genitourinary system ,3 698,3698
2001,France,Number,Females,Total,Diseases of the genitourinary system ,3 994,3994
2002,France,Number,Males,Total,Diseases of the genitourinary system ,3 984,3984
2002,France,Number,Females,Total,Diseases of the genitourinary system ,4 191,4191
2003,France,Number,Males,Total,Diseases of the genitourinary system ,4 121,4121
2003,France,Number,Females,Total,Diseases of the genitourinary system ,4 437,4437
2004,France,Number,Males,Total,Diseases of the genitourinary system ,3 973,3973
2004,France,Number,Females,Total,Diseases of the genitourinary system ,4 052,4052
2005,France,Number,Males,Total,Diseases of the genitourinary system ,4 184,4184
2005,France,Number,Females,Total,Diseases of the genitourinary system ,4 386,4386
2006,France,Number,Males,Total,Diseases of the genitourinary system ,4 192,4192
2006,France,Number,Females,Total,Diseases of the genitourinary system ,4 331,4331
2007,France,Number,Males,Total,Diseases of the genitourinary system ,4 180,4180
2007,France,Number,Females,Total,Diseases of the genitourinary system ,4 528,4528
2008,France,Number,Males,Total,Diseases of the genitourinary system ,4 540,4540
2008,France,Number,Females,Total,Diseases of the genitourinary system ,4 676,4676
2001,France,Number,Males,Total,Diseases of the musculoskeletal system and connective tissue,1 387,1387
2001,France,Number,Females,Total,Diseases of the musculoskeletal system and connective tissue,2 518,2518
2002,France,Number,Males,Total,Diseases of the musculoskeletal system and connective tissue,1 315,1315
2002,France,Number,Females,Total,Diseases of the musculoskeletal system and connective tissue,2 630,2630
2003,France,Number,Males,Total,Diseases of the musculoskeletal system and connective tissue,1 288,1288
2003,France,Number,Females,Total,Diseases of the musculoskeletal system and connective tissue,2 594,2594
2004,France,Number,Males,Total,Diseases of the musculoskeletal system and connective tissue,1 251,1251
2004,France,Number,Females,Total,Diseases of the musculoskeletal system and connective tissue,2 279,2279
2005,France,Number,Males,Total,Diseases of the musculoskeletal system and connective tissue,1 256,1256
2005,France,Number,Females,Total,Diseases of the musculoskeletal system and connective tissue,2 370,2370
2006,France,Number,Males,Total,Diseases of the musculoskeletal system and connective tissue,1 234,1234
2006,France,Number,Females,Total,Diseases of the musculoskeletal system and connective tissue,2 305,2305
2007,France,Number,Males,Total,Diseases of the musculoskeletal system and connective tissue,1 138,1138
2007,France,Number,Females,Total,Diseases of the musculoskeletal system and connective tissue,2 317,2317
2008,France,Number,Males,Total,Diseases of the musculoskeletal system and connective tissue,1 344,1344
2008,France,Number,Females,Total,Diseases of the musculoskeletal system and connective tissue,2 399,2399
2001,France,Number,Males,Total,Diseases of the nervous system and the sense organs,9 497,9497
2001,France,Number,Females,Total,Diseases of the nervous system and the sense organs,12 230,12230
2002,France,Number,Males,Total,Diseases of the nervous system and the sense organs,9 773,9773
2002,France,Number,Females,Total,Diseases of the nervous system and the sense organs,13 225,13225
2003,France,Number,Males,Total,Diseases of the nervous system and the sense organs,10 897,10897
2003,France,Number,Females,Total,Diseases of the nervous system and the sense organs,15 098,15098
2004,France,Number,Males,Total,Diseases of the nervous system and the sense organs,9 980,9980
2004,France,Number,Females,Total,Diseases of the nervous system and the sense organs,13 853,13853
2005,France,Number,Males,Total,Diseases of the nervous system and the sense organs,11 207,11207
2005,France,Number,Females,Total,Diseases of the nervous system and the sense organs,15 615,15615
2006,France,Number,Males,Total,Diseases of the nervous system and the sense organs,11 398,11398
2006,France,Number,Females,Total,Diseases of the nervous system and the sense organs,16 212,16212
2007,France,Number,Males,Total,Diseases of the nervous system and the sense organs,11 612,11612
2007,France,Number,Females,Total,Diseases of the nervous system and the sense organs,17 305,17305
2008,France,Number,Males,Total,Diseases of the nervous system and the sense organs,12 373,12373
2008,France,Number,Females,Total,Diseases of the nervous system and the sense organs,18 698,18698
2001,France,Number,Males,Total,Diseases of the respiratory system ,17 292,17292
2001,France,Number,Females,Total,Diseases of the respiratory system ,15 332,15332
2002,France,Number,Males,Total,Diseases of the respiratory system ,17 849,17849
2002,France,Number,Females,Total,Diseases of the respiratory system ,16 378,16378
2003,France,Number,Males,Total,Diseases of the respiratory system ,18 939,18939
2003,France,Number,Females,Total,Diseases of the respiratory system ,17 572,17572
2004,France,Number,Males,Total,Diseases of the respiratory system ,16 230,16230
2004,France,Number,Females,Total,Diseases of the respiratory system ,14 563,14563
2005,France,Number,Males,Total,Diseases of the respiratory system ,18 366,18366
2005,France,Number,Females,Total,Diseases of the respiratory system ,17 268,17268
2006,France,Number,Males,Total,Diseases of the respiratory system ,16 581,16581
2006,France,Number,Females,Total,Diseases of the respiratory system ,14 546,14546
2007,France,Number,Males,Total,Diseases of the respiratory system ,17 257,17257
2007,France,Number,Females,Total,Diseases of the respiratory system ,15 348,15348
2008,France,Number,Males,Total,Diseases of the respiratory system ,17 516,17516
2008,France,Number,Females,Total,Diseases of the respiratory system ,15 743,15743
2001,France,Number,Males,Total,Diseases of the skin and subcutaneous tissue ,628,628
2001,France,Number,Females,Total,Diseases of the skin and subcutaneous tissue ,1 587,1587
2002,France,Number,Males,Total,Diseases of the skin and subcutaneous tissue ,634,634
2002,France,Number,Females,Total,Diseases of the skin and subcutaneous tissue ,1 585,1585
2003,France,Number,Males,Total,Diseases of the skin and subcutaneous tissue ,613,613
2003,France,Number,Females,Total,Diseases of the skin and subcutaneous tissue ,1 680,1680
2004,France,Number,Males,Total,Diseases of the skin and subcutaneous tissue ,555,555
2004,France,Number,Females,Total,Diseases of the skin and subcutaneous tissue ,1 354,1354
2005,France,Number,Males,Total,Diseases of the skin and subcutaneous tissue ,535,535
2005,France,Number,Females,Total,Diseases of the skin and subcutaneous tissue ,1 256,1256
2006,France,Number,Males,Total,Diseases of the skin and subcutaneous tissue ,546,546
2006,France,Number,Females,Total,Diseases of the skin and subcutaneous tissue ,1 284,1284
2007,France,Number,Males,Total,Diseases of the skin and subcutaneous tissue ,504,504
2007,France,Number,Females,Total,Diseases of the skin and subcutaneous tissue ,1 200,1200
2008,France,Number,Males,Total,Diseases of the skin and subcutaneous tissue ,532,532
2008,France,Number,Females,Total,Diseases of the skin and subcutaneous tissue ,1 124,1124
2001,France,Number,Males,Total,"Drug dependence, toxicomania ",127,127
2001,France,Number,Females,Total,"Drug dependence, toxicomania ",36,36
2002,France,Number,Males,Total,"Drug dependence, toxicomania ",121,121
2002,France,Number,Females,Total,"Drug dependence, toxicomania ",25,25
2003,France,Number,Males,Total,"Drug dependence, toxicomania ",120,120
2003,France,Number,Females,Total,"Drug dependence, toxicomania ",31,31
2004,France,Number,Males,Total,"Drug dependence, toxicomania ",144,144
2004,France,Number,Females,Total,"Drug dependence, toxicomania ",22,22
2005,France,Number,Males,Total,"Drug dependence, toxicomania ",145,145
2005,France,Number,Females,Total,"Drug dependence, toxicomania ",30,30
2006,France,Number,Males,Total,"Drug dependence, toxicomania ",176,176
2006,France,Number,Females,Total,"Drug dependence, toxicomania ",25,25
2007,France,Number,Males,Total,"Drug dependence, toxicomania ",172,172
2007,France,Number,Females,Total,"Drug dependence, toxicomania ",27,27
2008,France,Number,Males,Total,"Drug dependence, toxicomania ",171,171
2008,France,Number,Females,Total,"Drug dependence, toxicomania ",31,31
2001,France,Number,Males,Total,"Endocrine, nutritional and metabolic diseases ",8 356,8356
2001,France,Number,Females,Total,"Endocrine, nutritional and metabolic diseases ",11 668,11668
2002,France,Number,Males,Total,"Endocrine, nutritional and metabolic diseases ",8 366,8366
2002,France,Number,Females,Total,"Endocrine, nutritional and metabolic diseases ",12 047,12047
2003,France,Number,Males,Total,"Endocrine, nutritional and metabolic diseases ",9 403,9403
2003,France,Number,Females,Total,"Endocrine, nutritional and metabolic diseases ",14 081,14081
2004,France,Number,Males,Total,"Endocrine, nutritional and metabolic diseases ",8 426,8426
2004,France,Number,Females,Total,"Endocrine, nutritional and metabolic diseases ",11 101,11101
2005,France,Number,Males,Total,"Endocrine, nutritional and metabolic diseases ",8 597,8597
2005,France,Number,Females,Total,"Endocrine, nutritional and metabolic diseases ",11 367,11367
2006,France,Number,Males,Total,"Endocrine, nutritional and metabolic diseases ",8 372,8372
2006,France,Number,Females,Total,"Endocrine, nutritional and metabolic diseases ",11 117,11117
2007,France,Number,Males,Total,"Endocrine, nutritional and metabolic diseases ",8 392,8392
2007,France,Number,Females,Total,"Endocrine, nutritional and metabolic diseases ",11 019,11019
2008,France,Number,Males,Total,"Endocrine, nutritional and metabolic diseases ",8 892,8892
2008,France,Number,Females,Total,"Endocrine, nutritional and metabolic diseases ",11 286,11286
2001,France,Number,Males,Total,Event of undetermined intent,553,553
2001,France,Number,Females,Total,Event of undetermined intent,202,202
2002,France,Number,Males,Total,Event of undetermined intent,594,594
2002,France,Number,Females,Total,Event of undetermined intent,232,232
2003,France,Number,Males,Total,Event of undetermined intent,506,506
2003,France,Number,Females,Total,Event of undetermined intent,121,121
2004,France,Number,Males,Total,Event of undetermined intent,399,399
2004,France,Number,Females,Total,Event of undetermined intent,87,87
2005,France,Number,Males,Total,Event of undetermined intent,376,376
2005,France,Number,Females,Total,Event of undetermined intent,67,67
2006,France,Number,Males,Total,Event of undetermined intent,414,414
2006,France,Number,Females,Total,Event of undetermined intent,76,76
2007,France,Number,Males,Total,Event of undetermined intent,425,425
2007,France,Number,Females,Total,Event of undetermined intent,82,82
2008,France,Number,Males,Total,Event of undetermined intent,300,300
2008,France,Number,Females,Total,Event of undetermined intent,68,68
2001,France,Number,Males,Total,External causes of morbidity and mortality,25 102,25102
2001,France,Number,Females,Total,External causes of morbidity and mortality,16 977,16977
2002,France,Number,Males,Total,External causes of morbidity and mortality,25 024,25024
2002,France,Number,Females,Total,External causes of morbidity and mortality,16 893,16893
2003,France,Number,Males,Total,External causes of morbidity and mortality,25 133,25133
2003,France,Number,Females,Total,External causes of morbidity and mortality,17 542,17542
2004,France,Number,Males,Total,External causes of morbidity and mortality,23 129,23129
2004,France,Number,Females,Total,External causes of morbidity and mortality,15 179,15179
2005,France,Number,Males,Total,External causes of morbidity and mortality,23 399,23399
2005,France,Number,Females,Total,External causes of morbidity and mortality,15 369,15369
2006,France,Number,Males,Total,External causes of morbidity and mortality,22 914,22914
2006,France,Number,Females,Total,External causes of morbidity and mortality,14 801,14801
2007,France,Number,Males,Total,External causes of morbidity and mortality,22 760,22760
2007,France,Number,Females,Total,External causes of morbidity and mortality,14 817,14817
2008,France,Number,Males,Total,External causes of morbidity and mortality,23 138,23138
2008,France,Number,Females,Total,External causes of morbidity and mortality,14 861,14861
2001,France,Number,Males,Total,Falls,2 546,2546
2001,France,Number,Females,Total,Falls,2 791,2791
2002,France,Number,Males,Total,Falls,2 673,2673
2002,France,Number,Females,Total,Falls,2 790,2790
2003,France,Number,Males,Total,Falls,2 788,2788
2003,France,Number,Females,Total,Falls,3 149,3149
2004,France,Number,Males,Total,Falls,2 625,2625
2004,France,Number,Females,Total,Falls,2 799,2799
2005,France,Number,Males,Total,Falls,2 635,2635
2005,France,Number,Females,Total,Falls,2 775,2775
2006,France,Number,Males,Total,Falls,2 610,2610
2006,France,Number,Females,Total,Falls,2 709,2709
2007,France,Number,Males,Total,Falls,2 657,2657
2007,France,Number,Females,Total,Falls,2 832,2832
2008,France,Number,Males,Total,Falls,2 836,2836
2008,France,Number,Females,Total,Falls,2 815,2815
2001,France,Number,Males,Total,Human immunodeficiency virus [HIV] disease,892,892
2001,France,Number,Females,Total,Human immunodeficiency virus [HIV] disease,248,248
2002,France,Number,Males,Total,Human immunodeficiency virus [HIV] disease,835,835
2002,France,Number,Females,Total,Human immunodeficiency virus [HIV] disease,257,257
2003,France,Number,Males,Total,Human immunodeficiency virus [HIV] disease,794,794
2003,France,Number,Females,Total,Human immunodeficiency virus [HIV] disease,250,250
2004,France,Number,Males,Total,Human immunodeficiency virus [HIV] disease,766,766
2004,France,Number,Females,Total,Human immunodeficiency virus [HIV] disease,252,252
2005,France,Number,Males,Total,Human immunodeficiency virus [HIV] disease,685,685
2005,France,Number,Females,Total,Human immunodeficiency virus [HIV] disease,232,232
2006,France,Number,Males,Total,Human immunodeficiency virus [HIV] disease,668,668
2006,France,Number,Females,Total,Human immunodeficiency virus [HIV] disease,218,218
2007,France,Number,Males,Total,Human immunodeficiency virus [HIV] disease,597,597
2007,France,Number,Females,Total,Human immunodeficiency virus [HIV] disease,197,197
2008,France,Number,Males,Total,Human immunodeficiency virus [HIV] disease,518,518
2008,France,Number,Females,Total,Human immunodeficiency virus [HIV] disease,180,180
2001,France,Number,Males,Total,Ill-defined and unknown causes of mortality,7 726,7726
2001,France,Number,Females,Total,Ill-defined and unknown causes of mortality,6 249,6249
2002,France,Number,Males,Total,Ill-defined and unknown causes of mortality,7 475,7475
2002,France,Number,Females,Total,Ill-defined and unknown causes of mortality,5 982,5982
2003,France,Number,Males,Total,Ill-defined and unknown causes of mortality,7 523,7523
2003,France,Number,Females,Total,Ill-defined and unknown causes of mortality,6 174,6174
2004,France,Number,Males,Total,Ill-defined and unknown causes of mortality,6 642,6642
2004,France,Number,Females,Total,Ill-defined and unknown causes of mortality,5 143,5143
2005,France,Number,Males,Total,Ill-defined and unknown causes of mortality,7 084,7084
2005,France,Number,Females,Total,Ill-defined and unknown causes of mortality,5 884,5884
2006,France,Number,Males,Total,Ill-defined and unknown causes of mortality,6 860,6860
2006,France,Number,Females,Total,Ill-defined and unknown causes of mortality,5 473,5473
2007,France,Number,Males,Total,Ill-defined and unknown causes of mortality,7 022,7022
2007,France,Number,Females,Total,Ill-defined and unknown causes of mortality,5 703,5703
2008,France,Number,Males,Total,Ill-defined and unknown causes of mortality,7 323,7323
2008,France,Number,Females,Total,Ill-defined and unknown causes of mortality,6 305,6305
2001,France,Number,Males,Total,Influenza,76,76
2001,France,Number,Females,Total,Influenza,100,100
2002,France,Number,Males,Total,Influenza,219,219
2002,France,Number,Females,Total,Influenza,337,337
2003,France,Number,Males,Total,Influenza,192,192
2003,France,Number,Females,Total,Influenza,283,283
2004,France,Number,Males,Total,Influenza,56,56
2004,France,Number,Females,Total,Influenza,107,107
2005,France,Number,Males,Total,Influenza,368,368
2005,France,Number,Females,Total,Influenza,643,643
2006,France,Number,Males,Total,Influenza,50,50
2006,France,Number,Females,Total,Influenza,77,77
2007,France,Number,Males,Total,Influenza,96,96
2007,France,Number,Females,Total,Influenza,153,153
2008,France,Number,Males,Total,Influenza,82,82
2008,France,Number,Females,Total,Influenza,124,124
2001,France,Number,Males,Total,Intentional self-harm,7 798,7798
2001,France,Number,Females,Total,Intentional self-harm,2 827,2827
2002,France,Number,Males,Total,Intentional self-harm,7 865,7865
2002,France,Number,Females,Total,Intentional self-harm,2 945,2945
2003,France,Number,Males,Total,Intentional self-harm,8 187,8187
2003,France,Number,Females,Total,Intentional self-harm,2 864,2864
2004,France,Number,Males,Total,Intentional self-harm,8 000,8000
2004,France,Number,Females,Total,Intentional self-harm,2 979,2979
2005,France,Number,Males,Total,Intentional self-harm,7 958,7958
2005,France,Number,Females,Total,Intentional self-harm,2 937,2937
2006,France,Number,Males,Total,Intentional self-harm,7 740,7740
2006,France,Number,Females,Total,Intentional self-harm,2 861,2861
2007,France,Number,Males,Total,Intentional self-harm,7 559,7559
2007,France,Number,Females,Total,Intentional self-harm,2 744,2744
2008,France,Number,Males,Total,Intentional self-harm,7 797,7797
2008,France,Number,Females,Total,Intentional self-harm,2 768,2768
2001,France,Number,Males,Total,Ischaemic heart diseases,24 913,24913
2001,France,Number,Females,Total,Ischaemic heart diseases,20 125,20125
2002,France,Number,Males,Total,Ischaemic heart diseases,24 569,24569
2002,France,Number,Females,Total,Ischaemic heart diseases,19 549,19549
2003,France,Number,Males,Total,Ischaemic heart diseases,24 213,24213
2003,France,Number,Females,Total,Ischaemic heart diseases,19 741,19741
2004,France,Number,Males,Total,Ischaemic heart diseases,23 420,23420
2004,France,Number,Females,Total,Ischaemic heart diseases,17 812,17812
2005,France,Number,Males,Total,Ischaemic heart diseases,23 300,23300
2005,France,Number,Females,Total,Ischaemic heart diseases,17 842,17842
2006,France,Number,Males,Total,Ischaemic heart diseases,22 363,22363
2006,France,Number,Females,Total,Ischaemic heart diseases,17 030,17030
2007,France,Number,Males,Total,Ischaemic heart diseases,22 027,22027
2007,France,Number,Females,Total,Ischaemic heart diseases,16 663,16663
2008,France,Number,Males,Total,Ischaemic heart diseases,21 842,21842
2008,France,Number,Females,Total,Ischaemic heart diseases,16 464,16464
2001,France,Number,Males,Total,Malignant melanoma of skin,761,761
2001,France,Number,Females,Total,Malignant melanoma of skin,631,631
2002,France,Number,Males,Total,Malignant melanoma of skin,733,733
2002,France,Number,Females,Total,Malignant melanoma of skin,666,666
2003,France,Number,Males,Total,Malignant melanoma of skin,764,764
2003,France,Number,Females,Total,Malignant melanoma of skin,684,684
2004,France,Number,Males,Total,Malignant melanoma of skin,775,775
2004,France,Number,Females,Total,Malignant melanoma of skin,661,661
2005,France,Number,Males,Total,Malignant melanoma of skin,810,810
2005,France,Number,Females,Total,Malignant melanoma of skin,716,716
2006,France,Number,Males,Total,Malignant melanoma of skin,818,818
2006,France,Number,Females,Total,Malignant melanoma of skin,741,741
2007,France,Number,Males,Total,Malignant melanoma of skin,879,879
2007,France,Number,Females,Total,Malignant melanoma of skin,675,675
2008,France,Number,Males,Total,Malignant melanoma of skin,916,916
2008,France,Number,Females,Total,Malignant melanoma of skin,750,750
2001,France,Number,Males,Total,Malignant neoplasm of bladder,3 231,3231
2001,France,Number,Females,Total,Malignant neoplasm of bladder,1 029,1029
2002,France,Number,Males,Total,Malignant neoplasm of bladder,3 306,3306
2002,France,Number,Females,Total,Malignant neoplasm of bladder,1 019,1019
2003,France,Number,Males,Total,Malignant neoplasm of bladder,3 490,3490
2003,France,Number,Females,Total,Malignant neoplasm of bladder,1 091,1091
2004,France,Number,Males,Total,Malignant neoplasm of bladder,3 460,3460
2004,France,Number,Females,Total,Malignant neoplasm of bladder,1 153,1153
2005,France,Number,Males,Total,Malignant neoplasm of bladder,3 611,3611
2005,France,Number,Females,Total,Malignant neoplasm of bladder,1 139,1139
2006,France,Number,Males,Total,Malignant neoplasm of bladder,3 579,3579
2006,France,Number,Females,Total,Malignant neoplasm of bladder,1 156,1156
2007,France,Number,Males,Total,Malignant neoplasm of bladder,3 674,3674
2007,France,Number,Females,Total,Malignant neoplasm of bladder,1 183,1183
2008,France,Number,Males,Total,Malignant neoplasm of bladder,3 527,3527
2008,France,Number,Females,Total,Malignant neoplasm of bladder,1 177,1177
2001,France,Number,Males,Total,Malignant neoplasm of breast,177,177
2001,France,Number,Females,Total,Malignant neoplasm of breast,11 088,11088
2002,France,Number,Males,Total,Malignant neoplasm of breast,188,188
2002,France,Number,Females,Total,Malignant neoplasm of breast,11 301,11301
2003,France,Number,Males,Total,Malignant neoplasm of breast,188,188
2003,France,Number,Females,Total,Malignant neoplasm of breast,11 276,11276
2004,France,Number,Males,Total,Malignant neoplasm of breast,206,206
2004,France,Number,Females,Total,Malignant neoplasm of breast,11 333,11333
2005,France,Number,Males,Total,Malignant neoplasm of breast,203,203
2005,France,Number,Females,Total,Malignant neoplasm of breast,11 466,11466
2006,France,Number,Males,Total,Malignant neoplasm of breast,191,191
2006,France,Number,Females,Total,Malignant neoplasm of breast,11 584,11584
2007,France,Number,Males,Total,Malignant neoplasm of breast,225,225
2007,France,Number,Females,Total,Malignant neoplasm of breast,11 522,11522
2008,France,Number,Males,Total,Malignant neoplasm of breast,195,195
2008,France,Number,Females,Total,Malignant neoplasm of breast,11 781,11781
2001,France,Number,Males,Total,Malignant neoplasm of cervix uteri,:,
2001,France,Number,Females,Total,Malignant neoplasm of cervix uteri,793,793
2002,France,Number,Males,Total,Malignant neoplasm of cervix uteri,:,
2002,France,Number,Females,Total,Malignant neoplasm of cervix uteri,727,727
2003,France,Number,Males,Total,Malignant neoplasm of cervix uteri,:,
2003,France,Number,Females,Total,Malignant neoplasm of cervix uteri,782,782
2004,France,Number,Males,Total,Malignant neoplasm of cervix uteri,:,
2004,France,Number,Females,Total,Malignant neoplasm of cervix uteri,768,768
2005,France,Number,Males,Total,Malignant neoplasm of cervix uteri,:,
2005,France,Number,Females,Total,Malignant neoplasm of cervix uteri,761,761
2006,France,Number,Males,Total,Malignant neoplasm of cervix uteri,:,
2006,France,Number,Females,Total,Malignant neoplasm of cervix uteri,744,744
2007,France,Number,Males,Total,Malignant neoplasm of cervix uteri,:,
2007,France,Number,Females,Total,Malignant neoplasm of cervix uteri,714,714
2008,France,Number,Males,Total,Malignant neoplasm of cervix uteri,:,
2008,France,Number,Females,Total,Malignant neoplasm of cervix uteri,776,776
2001,France,Number,Males,Total,Malignant neoplasm of colon,6 274,6274
2001,France,Number,Females,Total,Malignant neoplasm of colon,5 786,5786
2002,France,Number,Males,Total,Malignant neoplasm of colon,6 267,6267
2002,France,Number,Females,Total,Malignant neoplasm of colon,5 867,5867
2003,France,Number,Males,Total,Malignant neoplasm of colon,6 314,6314
2003,France,Number,Females,Total,Malignant neoplasm of colon,6 082,6082
2004,France,Number,Males,Total,Malignant neoplasm of colon,6 541,6541
2004,France,Number,Females,Total,Malignant neoplasm of colon,5 853,5853
2005,France,Number,Males,Total,Malignant neoplasm of colon,6 461,6461
2005,France,Number,Females,Total,Malignant neoplasm of colon,5 990,5990
2006,France,Number,Males,Total,Malignant neoplasm of colon,6 379,6379
2006,France,Number,Females,Total,Malignant neoplasm of colon,5 917,5917
2007,France,Number,Males,Total,Malignant neoplasm of colon,6 416,6416
2007,France,Number,Females,Total,Malignant neoplasm of colon,5 937,5937
2008,France,Number,Males,Total,Malignant neoplasm of colon,6 505,6505
2008,France,Number,Females,Total,Malignant neoplasm of colon,6 156,6156
2001,France,Number,Males,Total,"Malignant neoplasm of kidney, except renal pelvis",1 937,1937
2001,France,Number,Females,Total,"Malignant neoplasm of kidney, except renal pelvis",1 125,1125
2002,France,Number,Males,Total,"Malignant neoplasm of kidney, except renal pelvis",1 929,1929
2002,France,Number,Females,Total,"Malignant neoplasm of kidney, except renal pelvis",1 143,1143
2003,France,Number,Males,Total,"Malignant neoplasm of kidney, except renal pelvis",2 001,2001
2003,France,Number,Females,Total,"Malignant neoplasm of kidney, except renal pelvis",1 158,1158
2004,France,Number,Males,Total,"Malignant neoplasm of kidney, except renal pelvis",1 960,1960
2004,France,Number,Females,Total,"Malignant neoplasm of kidney, except renal pelvis",1 089,1089
2005,France,Number,Males,Total,"Malignant neoplasm of kidney, except renal pelvis",1 977,1977
2005,France,Number,Females,Total,"Malignant neoplasm of kidney, except renal pelvis",1 156,1156
2006,France,Number,Males,Total,"Malignant neoplasm of kidney, except renal pelvis",2 034,2034
2006,France,Number,Females,Total,"Malignant neoplasm of kidney, except renal pelvis",1 110,1110
2007,France,Number,Males,Total,"Malignant neoplasm of kidney, except renal pelvis",2 015,2015
2007,France,Number,Females,Total,"Malignant neoplasm of kidney, except renal pelvis",1 021,1021
2008,France,Number,Males,Total,"Malignant neoplasm of kidney, except renal pelvis",2 059,2059
2008,France,Number,Females,Total,"Malignant neoplasm of kidney, except renal pelvis",1 049,1049
2001,France,Number,Males,Total,"Malignant neoplasm of larynx,  trachea, bronchus and lung",22 457,22457
2001,France,Number,Females,Total,"Malignant neoplasm of larynx,  trachea, bronchus and lung",4 624,4624
2002,France,Number,Males,Total,"Malignant neoplasm of larynx,  trachea, bronchus and lung",22 533,22533
2002,France,Number,Females,Total,"Malignant neoplasm of larynx,  trachea, bronchus and lung",5 091,5091
2003,France,Number,Males,Total,"Malignant neoplasm of larynx,  trachea, bronchus and lung",22 700,22700
2003,France,Number,Females,Total,"Malignant neoplasm of larynx,  trachea, bronchus and lung",5 422,5422
2004,France,Number,Males,Total,"Malignant neoplasm of larynx,  trachea, bronchus and lung",22 965,22965
2004,France,Number,Females,Total,"Malignant neoplasm of larynx,  trachea, bronchus and lung",5 677,5677
2005,France,Number,Males,Total,"Malignant neoplasm of larynx,  trachea, bronchus and lung",23 467,23467
2005,France,Number,Females,Total,"Malignant neoplasm of larynx,  trachea, bronchus and lung",6 127,6127
2006,France,Number,Males,Total,"Malignant neoplasm of larynx,  trachea, bronchus and lung",23 519,23519
2006,France,Number,Females,Total,"Malignant neoplasm of larynx,  trachea, bronchus and lung",6 534,6534
2007,France,Number,Males,Total,"Malignant neoplasm of larynx,  trachea, bronchus and lung",23 584,23584
2007,France,Number,Females,Total,"Malignant neoplasm of larynx,  trachea, bronchus and lung",6 729,6729
2008,France,Number,Males,Total,"Malignant neoplasm of larynx,  trachea, bronchus and lung",23 491,23491
2008,France,Number,Females,Total,"Malignant neoplasm of larynx,  trachea, bronchus and lung",7 043,7043
2001,France,Number,Males,Total,"Malignant neoplasm of lip, oral cavity, pharynx",3 755,3755
2001,France,Number,Females,Total,"Malignant neoplasm of lip, oral cavity, pharynx",738,738
2002,France,Number,Males,Total,"Malignant neoplasm of lip, oral cavity, pharynx",3 834,3834
2002,France,Number,Females,Total,"Malignant neoplasm of lip, oral cavity, pharynx",796,796
2003,France,Number,Males,Total,"Malignant neoplasm of lip, oral cavity, pharynx",3 635,3635
2003,France,Number,Females,Total,"Malignant neoplasm of lip, oral cavity, pharynx",707,707
2004,France,Number,Males,Total,"Malignant neoplasm of lip, oral cavity, pharynx",3 623,3623
2004,France,Number,Females,Total,"Malignant neoplasm of lip, oral cavity, pharynx",740,740
2005,France,Number,Males,Total,"Malignant neoplasm of lip, oral cavity, pharynx",3 442,3442
2005,France,Number,Females,Total,"Malignant neoplasm of lip, oral cavity, pharynx",754,754
2006,France,Number,Males,Total,"Malignant neoplasm of lip, oral cavity, pharynx",3 473,3473
2006,France,Number,Females,Total,"Malignant neoplasm of lip, oral cavity, pharynx",734,734
2007,France,Number,Males,Total,"Malignant neoplasm of lip, oral cavity, pharynx",3 317,3317
2007,France,Number,Females,Total,"Malignant neoplasm of lip, oral cavity, pharynx",733,733
2008,France,Number,Males,Total,"Malignant neoplasm of lip, oral cavity, pharynx",3 217,3217
2008,France,Number,Females,Total,"Malignant neoplasm of lip, oral cavity, pharynx",762,762
2001,France,Number,Males,Total,Malignant neoplasm of liver and intrahepatic bile ducts,5 258,5258
2001,France,Number,Females,Total,Malignant neoplasm of liver and intrahepatic bile ducts,1 705,1705
2002,France,Number,Males,Total,Malignant neoplasm of liver and intrahepatic bile ducts,5 231,5231
2002,France,Number,Females,Total,Malignant neoplasm of liver and intrahepatic bile ducts,1 788,1788
2003,France,Number,Males,Total,Malignant neoplasm of liver and intrahepatic bile ducts,5 321,5321
2003,France,Number,Females,Total,Malignant neoplasm of liver and intrahepatic bile ducts,1 856,1856
2004,France,Number,Males,Total,Malignant neoplasm of liver and intrahepatic bile ducts,5 345,5345
2004,France,Number,Females,Total,Malignant neoplasm of liver and intrahepatic bile ducts,1 839,1839
2005,France,Number,Males,Total,Malignant neoplasm of liver and intrahepatic bile ducts,5 516,5516
2005,France,Number,Females,Total,Malignant neoplasm of liver and intrahepatic bile ducts,1 922,1922
2006,France,Number,Males,Total,Malignant neoplasm of liver and intrahepatic bile ducts,5 578,5578
2006,France,Number,Females,Total,Malignant neoplasm of liver and intrahepatic bile ducts,1 972,1972
2007,France,Number,Males,Total,Malignant neoplasm of liver and intrahepatic bile ducts,5 529,5529
2007,France,Number,Females,Total,Malignant neoplasm of liver and intrahepatic bile ducts,1 937,1937
2008,France,Number,Males,Total,Malignant neoplasm of liver and intrahepatic bile ducts,5 544,5544
2008,France,Number,Females,Total,Malignant neoplasm of liver and intrahepatic bile ducts,2 119,2119
2001,France,Number,Males,Total,Malignant neoplasm of oesophagus,3 442,3442
2001,France,Number,Females,Total,Malignant neoplasm of oesophagus,699,699
2002,France,Number,Males,Total,Malignant neoplasm of oesophagus,3 509,3509
2002,France,Number,Females,Total,Malignant neoplasm of oesophagus,759,759
2003,France,Number,Males,Total,Malignant neoplasm of oesophagus,3 401,3401
2003,France,Number,Females,Total,Malignant neoplasm of oesophagus,690,690
2004,France,Number,Males,Total,Malignant neoplasm of oesophagus,3 257,3257
2004,France,Number,Females,Total,Malignant neoplasm of oesophagus,697,697
2005,France,Number,Males,Total,Malignant neoplasm of oesophagus,3 323,3323
2005,France,Number,Females,Total,Malignant neoplasm of oesophagus,674,674
2006,France,Number,Males,Total,Malignant neoplasm of oesophagus,3 193,3193
2006,France,Number,Females,Total,Malignant neoplasm of oesophagus,719,719
2007,France,Number,Males,Total,Malignant neoplasm of oesophagus,3 196,3196
2007,France,Number,Females,Total,Malignant neoplasm of oesophagus,780,780
2008,France,Number,Males,Total,Malignant neoplasm of oesophagus,3 175,3175
2008,France,Number,Females,Total,Malignant neoplasm of oesophagus,776,776
2001,France,Number,Males,Total,Malignant neoplasm of other parts of uterus,:,
2001,France,Number,Females,Total,Malignant neoplasm of other parts of uterus,2 192,2192
2002,France,Number,Males,Total,Malignant neoplasm of other parts of uterus,:,
2002,France,Number,Females,Total,Malignant neoplasm of other parts of uterus,2 214,2214
2003,France,Number,Males,Total,Malignant neoplasm of other parts of uterus,:,
2003,France,Number,Females,Total,Malignant neoplasm of other parts of uterus,2 299,2299
2004,France,Number,Males,Total,Malignant neoplasm of other parts of uterus,:,
2004,France,Number,Females,Total,Malignant neoplasm of other parts of uterus,2 254,2254
2005,France,Number,Males,Total,Malignant neoplasm of other parts of uterus,:,
2005,France,Number,Females,Total,Malignant neoplasm of other parts of uterus,2 288,2288
2006,France,Number,Males,Total,Malignant neoplasm of other parts of uterus,:,
2006,France,Number,Females,Total,Malignant neoplasm of other parts of uterus,2 389,2389
2007,France,Number,Males,Total,Malignant neoplasm of other parts of uterus,:,
2007,France,Number,Females,Total,Malignant neoplasm of other parts of uterus,2 481,2481
2008,France,Number,Males,Total,Malignant neoplasm of other parts of uterus,:,
2008,France,Number,Females,Total,Malignant neoplasm of other parts of uterus,2 434,2434
2001,France,Number,Males,Total,Malignant neoplasm of ovary,:,
2001,France,Number,Females,Total,Malignant neoplasm of ovary,3 260,3260
2002,France,Number,Males,Total,Malignant neoplasm of ovary,:,
2002,France,Number,Females,Total,Malignant neoplasm of ovary,3 334,3334
2003,France,Number,Males,Total,Malignant neoplasm of ovary,:,
2003,France,Number,Females,Total,Malignant neoplasm of ovary,3 279,3279
2004,France,Number,Males,Total,Malignant neoplasm of ovary,:,
2004,France,Number,Females,Total,Malignant neoplasm of ovary,3 272,3272
2005,France,Number,Males,Total,Malignant neoplasm of ovary,:,
2005,France,Number,Females,Total,Malignant neoplasm of ovary,3 349,3349
2006,France,Number,Males,Total,Malignant neoplasm of ovary,:,
2006,France,Number,Females,Total,Malignant neoplasm of ovary,3 363,3363
2007,France,Number,Males,Total,Malignant neoplasm of ovary,:,
2007,France,Number,Females,Total,Malignant neoplasm of ovary,3 393,3393
2008,France,Number,Males,Total,Malignant neoplasm of ovary,:,
2008,France,Number,Females,Total,Malignant neoplasm of ovary,3 458,3458
2001,France,Number,Males,Total,Malignant neoplasm of pancreas,3 788,3788
2001,France,Number,Females,Total,Malignant neoplasm of pancreas,3 554,3554
2002,France,Number,Males,Total,Malignant neoplasm of pancreas,3 875,3875
2002,France,Number,Females,Total,Malignant neoplasm of pancreas,3 659,3659
2003,France,Number,Males,Total,Malignant neoplasm of pancreas,3 946,3946
2003,France,Number,Females,Total,Malignant neoplasm of pancreas,3 577,3577
2004,France,Number,Males,Total,Malignant neoplasm of pancreas,4 088,4088
2004,France,Number,Females,Total,Malignant neoplasm of pancreas,3 773,3773
2005,France,Number,Males,Total,Malignant neoplasm of pancreas,4 235,4235
2005,France,Number,Females,Total,Malignant neoplasm of pancreas,3 907,3907
2006,France,Number,Males,Total,Malignant neoplasm of pancreas,4 307,4307
2006,France,Number,Females,Total,Malignant neoplasm of pancreas,4 049,4049
2007,France,Number,Males,Total,Malignant neoplasm of pancreas,4 493,4493
2007,France,Number,Females,Total,Malignant neoplasm of pancreas,4 246,4246
2008,France,Number,Males,Total,Malignant neoplasm of pancreas,4 767,4767
2008,France,Number,Females,Total,Malignant neoplasm of pancreas,4 404,4404
2001,France,Number,Males,Total,Malignant neoplasm of prostate,9 327,9327
2001,France,Number,Females,Total,Malignant neoplasm of prostate,:,
2002,France,Number,Males,Total,Malignant neoplasm of prostate,9 526,9526
2002,France,Number,Females,Total,Malignant neoplasm of prostate,:,
2003,France,Number,Males,Total,Malignant neoplasm of prostate,9 695,9695
2003,France,Number,Females,Total,Malignant neoplasm of prostate,:,
2004,France,Number,Males,Total,Malignant neoplasm of prostate,9 398,9398
2004,France,Number,Females,Total,Malignant neoplasm of prostate,:,
2005,France,Number,Males,Total,Malignant neoplasm of prostate,9 393,9393
2005,France,Number,Females,Total,Malignant neoplasm of prostate,:,
2006,France,Number,Males,Total,Malignant neoplasm of prostate,9 236,9236
2006,France,Number,Females,Total,Malignant neoplasm of prostate,:,
2007,France,Number,Males,Total,Malignant neoplasm of prostate,9 297,9297
2007,France,Number,Females,Total,Malignant neoplasm of prostate,:,
2008,France,Number,Males,Total,Malignant neoplasm of prostate,9 195,9195
2008,France,Number,Females,Total,Malignant neoplasm of prostate,:,
2001,France,Number,Males,Total,"Malignant neoplasm of rectosigmoid junction, rectum, anus and anal canal",2 242,2242
2001,France,Number,Females,Total,"Malignant neoplasm of rectosigmoid junction, rectum, anus and anal canal",1 780,1780
2002,France,Number,Males,Total,"Malignant neoplasm of rectosigmoid junction, rectum, anus and anal canal",2 365,2365
2002,France,Number,Females,Total,"Malignant neoplasm of rectosigmoid junction, rectum, anus and anal canal",1 792,1792
2003,France,Number,Males,Total,"Malignant neoplasm of rectosigmoid junction, rectum, anus and anal canal",2 325,2325
2003,France,Number,Females,Total,"Malignant neoplasm of rectosigmoid junction, rectum, anus and anal canal",1 857,1857
2004,France,Number,Males,Total,"Malignant neoplasm of rectosigmoid junction, rectum, anus and anal canal",2 363,2363
2004,France,Number,Females,Total,"Malignant neoplasm of rectosigmoid junction, rectum, anus and anal canal",1 879,1879
2005,France,Number,Males,Total,"Malignant neoplasm of rectosigmoid junction, rectum, anus and anal canal",2 395,2395
2005,France,Number,Females,Total,"Malignant neoplasm of rectosigmoid junction, rectum, anus and anal canal",1 968,1968
2006,France,Number,Males,Total,"Malignant neoplasm of rectosigmoid junction, rectum, anus and anal canal",2 422,2422
2006,France,Number,Females,Total,"Malignant neoplasm of rectosigmoid junction, rectum, anus and anal canal",1 892,1892
2007,France,Number,Males,Total,"Malignant neoplasm of rectosigmoid junction, rectum, anus and anal canal",2 357,2357
2007,France,Number,Females,Total,"Malignant neoplasm of rectosigmoid junction, rectum, anus and anal canal",1 842,1842
2008,France,Number,Males,Total,"Malignant neoplasm of rectosigmoid junction, rectum, anus and anal canal",2 533,2533
2008,France,Number,Females,Total,"Malignant neoplasm of rectosigmoid junction, rectum, anus and anal canal",1 959,1959
2001,France,Number,Males,Total,Malignant neoplasm of stomach,3 213,3213
2001,France,Number,Females,Total,Malignant neoplasm of stomach,2 020,2020
2002,France,Number,Males,Total,Malignant neoplasm of stomach,3 256,3256
2002,France,Number,Females,Total,Malignant neoplasm of stomach,2 031,2031
2003,France,Number,Males,Total,Malignant neoplasm of stomach,3 174,3174
2003,France,Number,Females,Total,Malignant neoplasm of stomach,1 878,1878
2004,France,Number,Males,Total,Malignant neoplasm of stomach,3 216,3216
2004,France,Number,Females,Total,Malignant neoplasm of stomach,1 894,1894
2005,France,Number,Males,Total,Malignant neoplasm of stomach,3 177,3177
2005,France,Number,Females,Total,Malignant neoplasm of stomach,1 867,1867
2006,France,Number,Males,Total,Malignant neoplasm of stomach,3 166,3166
2006,France,Number,Females,Total,Malignant neoplasm of stomach,1 784,1784
2007,France,Number,Males,Total,Malignant neoplasm of stomach,3 123,3123
2007,France,Number,Females,Total,Malignant neoplasm of stomach,1 734,1734
2008,France,Number,Males,Total,Malignant neoplasm of stomach,3 020,3020
2008,France,Number,Females,Total,Malignant neoplasm of stomach,1 821,1821
2001,France,Number,Males,Total,Malignant neoplasms ,88 481,88481
2001,France,Number,Females,Total,Malignant neoplasms ,58 262,58262
2002,France,Number,Males,Total,Malignant neoplasms ,89 122,89122
2002,France,Number,Females,Total,Malignant neoplasms ,59 385,59385
2003,France,Number,Males,Total,Malignant neoplasms ,89 397,89397
2003,France,Number,Females,Total,Malignant neoplasms ,59 885,59885
2004,France,Number,Males,Total,Malignant neoplasms ,88 852,88852
2004,France,Number,Females,Total,Malignant neoplasms ,59 794,59794
2005,France,Number,Males,Total,Malignant neoplasms ,90 157,90157
2005,France,Number,Females,Total,Malignant neoplasms ,61 027,61027
2006,France,Number,Males,Total,Malignant neoplasms ,89 915,89915
2006,France,Number,Females,Total,Malignant neoplasms ,61 464,61464
2007,France,Number,Males,Total,Malignant neoplasms ,90 397,90397
2007,France,Number,Females,Total,Malignant neoplasms ,61 499,61499
2008,France,Number,Males,Total,Malignant neoplasms ,90 481,90481
2008,France,Number,Females,Total,Malignant neoplasms ,63 494,63494
2001,France,Number,Males,Total,"Malignant neoplasms, stated or presumed to be primary, of lymphoid, haematopoietic and related tissue",6 863,6863
2001,France,Number,Females,Total,"Malignant neoplasms, stated or presumed to be primary, of lymphoid, haematopoietic and related tissue",5 976,5976
2002,France,Number,Males,Total,"Malignant neoplasms, stated or presumed to be primary, of lymphoid, haematopoietic and related tissue",6 703,6703
2002,France,Number,Females,Total,"Malignant neoplasms, stated or presumed to be primary, of lymphoid, haematopoietic and related tissue",6 024,6024
2003,France,Number,Males,Total,"Malignant neoplasms, stated or presumed to be primary, of lymphoid, haematopoietic and related tissue",6 797,6797
2003,France,Number,Females,Total,"Malignant neoplasms, stated or presumed to be primary, of lymphoid, haematopoietic and related tissue",6 075,6075
2004,France,Number,Males,Total,"Malignant neoplasms, stated or presumed to be primary, of lymphoid, haematopoietic and related tissue",6 625,6625
2004,France,Number,Females,Total,"Malignant neoplasms, stated or presumed to be primary, of lymphoid, haematopoietic and related tissue",5 894,5894
2005,France,Number,Males,Total,"Malignant neoplasms, stated or presumed to be primary, of lymphoid, haematopoietic and related tissue",6 785,6785
2005,France,Number,Females,Total,"Malignant neoplasms, stated or presumed to be primary, of lymphoid, haematopoietic and related tissue",6 018,6018
2006,France,Number,Males,Total,"Malignant neoplasms, stated or presumed to be primary, of lymphoid, haematopoietic and related tissue",6 836,6836
2006,France,Number,Females,Total,"Malignant neoplasms, stated or presumed to be primary, of lymphoid, haematopoietic and related tissue",5 879,5879
2007,France,Number,Males,Total,"Malignant neoplasms, stated or presumed to be primary, of lymphoid, haematopoietic and related tissue",6 958,6958
2007,France,Number,Females,Total,"Malignant neoplasms, stated or presumed to be primary, of lymphoid, haematopoietic and related tissue",5 887,5887
2008,France,Number,Males,Total,"Malignant neoplasms, stated or presumed to be primary, of lymphoid, haematopoietic and related tissue",7 043,7043
2008,France,Number,Females,Total,"Malignant neoplasms, stated or presumed to be primary, of lymphoid, haematopoietic and related tissue",6 099,6099
2001,France,Number,Males,Total,Meningitis,80,80
2001,France,Number,Females,Total,Meningitis,81,81
2002,France,Number,Males,Total,Meningitis,96,96
2002,France,Number,Females,Total,Meningitis,92,92
2003,France,Number,Males,Total,Meningitis,82,82
2003,France,Number,Females,Total,Meningitis,67,67
2004,France,Number,Males,Total,Meningitis,83,83
2004,France,Number,Females,Total,Meningitis,97,97
2005,France,Number,Males,Total,Meningitis,83,83
2005,France,Number,Females,Total,Meningitis,79,79
2006,France,Number,Males,Total,Meningitis,78,78
2006,France,Number,Females,Total,Meningitis,76,76
2007,France,Number,Males,Total,Meningitis,79,79
2007,France,Number,Females,Total,Meningitis,89,89
2008,France,Number,Males,Total,Meningitis,79,79
2008,France,Number,Females,Total,Meningitis,75,75
2001,France,Number,Males,Total,Meningococcal infection,30,30
2001,France,Number,Females,Total,Meningococcal infection,15,15
2002,France,Number,Males,Total,Meningococcal infection,21,21
2002,France,Number,Females,Total,Meningococcal infection,15,15
2003,France,Number,Males,Total,Meningococcal infection,26,26
2003,France,Number,Females,Total,Meningococcal infection,18,18
2004,France,Number,Males,Total,Meningococcal infection,18,18
2004,France,Number,Females,Total,Meningococcal infection,18,18
2005,France,Number,Males,Total,Meningococcal infection,12,12
2005,France,Number,Females,Total,Meningococcal infection,19,19
2006,France,Number,Males,Total,Meningococcal infection,14,14
2006,France,Number,Females,Total,Meningococcal infection,17,17
2007,France,Number,Males,Total,Meningococcal infection,17,17
2007,France,Number,Females,Total,Meningococcal infection,17,17
2008,France,Number,Males,Total,Meningococcal infection,18,18
2008,France,Number,Females,Total,Meningococcal infection,17,17
2001,France,Number,Males,Total,Mental and behavioural disorders ,7 468,7468
2001,France,Number,Females,Total,Mental and behavioural disorders ,10 527,10527
2002,France,Number,Males,Total,Mental and behavioural disorders ,7 476,7476
2002,France,Number,Females,Total,Mental and behavioural disorders ,10 733,10733
2003,France,Number,Males,Total,Mental and behavioural disorders ,7 841,7841
2003,France,Number,Females,Total,Mental and behavioural disorders ,11 487,11487
2004,France,Number,Males,Total,Mental and behavioural disorders ,6 921,6921
2004,France,Number,Females,Total,Mental and behavioural disorders ,9 372,9372
2005,France,Number,Males,Total,Mental and behavioural disorders ,7 424,7424
2005,France,Number,Females,Total,Mental and behavioural disorders ,9 949,9949
2006,France,Number,Males,Total,Mental and behavioural disorders ,7 201,7201
2006,France,Number,Females,Total,Mental and behavioural disorders ,9 632,9632
2007,France,Number,Males,Total,Mental and behavioural disorders ,7 420,7420
2007,France,Number,Females,Total,Mental and behavioural disorders ,9 692,9692
2008,France,Number,Males,Total,Mental and behavioural disorders ,7 718,7718
2008,France,Number,Females,Total,Mental and behavioural disorders ,9 962,9962
2001,France,Number,Males,Total,Mental and behavioural disorders due to use of alcohol,2 523,2523
2001,France,Number,Females,Total,Mental and behavioural disorders due to use of alcohol,589,589
2002,France,Number,Males,Total,Mental and behavioural disorders due to use of alcohol,2 559,2559
2002,France,Number,Females,Total,Mental and behavioural disorders due to use of alcohol,625,625
2003,France,Number,Males,Total,Mental and behavioural disorders due to use of alcohol,2 552,2552
2003,France,Number,Females,Total,Mental and behavioural disorders due to use of alcohol,656,656
2004,France,Number,Males,Total,Mental and behavioural disorders due to use of alcohol,2 371,2371
2004,France,Number,Females,Total,Mental and behavioural disorders due to use of alcohol,581,581
2005,France,Number,Males,Total,Mental and behavioural disorders due to use of alcohol,2 534,2534
2005,France,Number,Females,Total,Mental and behavioural disorders due to use of alcohol,639,639
2006,France,Number,Males,Total,Mental and behavioural disorders due to use of alcohol,2 477,2477
2006,France,Number,Females,Total,Mental and behavioural disorders due to use of alcohol,619,619
2007,France,Number,Males,Total,Mental and behavioural disorders due to use of alcohol,2 438,2438
2007,France,Number,Females,Total,Mental and behavioural disorders due to use of alcohol,601,601
2008,France,Number,Males,Total,Mental and behavioural disorders due to use of alcohol,2 510,2510
2008,France,Number,Females,Total,Mental and behavioural disorders due to use of alcohol,629,629
2001,France,Number,Males,Total,Neoplasms,91 737,91737
2001,France,Number,Females,Total,Neoplasms,61 421,61421
2002,France,Number,Males,Total,Neoplasms,92 331,92331
2002,France,Number,Females,Total,Neoplasms,62 599,62599
2003,France,Number,Males,Total,Neoplasms,92 631,92631
2003,France,Number,Females,Total,Neoplasms,63 145,63145
2004,France,Number,Males,Total,Neoplasms,92 071,92071
2004,France,Number,Females,Total,Neoplasms,62 907,62907
2005,France,Number,Males,Total,Neoplasms,93 550,93550
2005,France,Number,Females,Total,Neoplasms,64 281,64281
2006,France,Number,Males,Total,Neoplasms,93 207,93207
2006,France,Number,Females,Total,Neoplasms,64 651,64651
2007,France,Number,Males,Total,Neoplasms,93 773,93773
2007,France,Number,Females,Total,Neoplasms,64 724,64724
2008,France,Number,Males,Total,Neoplasms,93 872,93872
2008,France,Number,Females,Total,Neoplasms,66 897,66897
2001,France,Number,Males,Total,Other heart diseases,19 513,19513
2001,France,Number,Females,Total,Other heart diseases,26 190,26190
2002,France,Number,Males,Total,Other heart diseases,19 657,19657
2002,France,Number,Females,Total,Other heart diseases,26 604,26604
2003,France,Number,Males,Total,Other heart diseases,20 036,20036
2003,France,Number,Females,Total,Other heart diseases,27 084,27084
2004,France,Number,Males,Total,Other heart diseases,18 837,18837
2004,France,Number,Females,Total,Other heart diseases,24 405,24405
2005,France,Number,Males,Total,Other heart diseases,19 344,19344
2005,France,Number,Females,Total,Other heart diseases,25 664,25664
2006,France,Number,Males,Total,Other heart diseases,18 915,18915
2006,France,Number,Females,Total,Other heart diseases,25 073,25073
2007,France,Number,Males,Total,Other heart diseases,19 416,19416
2007,France,Number,Females,Total,Other heart diseases,25 355,25355
2008,France,Number,Males,Total,Other heart diseases,19 698,19698
2008,France,Number,Females,Total,Other heart diseases,26 136,26136
2001,France,Number,Males,Total,Pneumonia,4 947,4947
2001,France,Number,Females,Total,Pneumonia,5 773,5773
2002,France,Number,Males,Total,Pneumonia,5 214,5214
2002,France,Number,Females,Total,Pneumonia,6 097,6097
2003,France,Number,Males,Total,Pneumonia,5 514,5514
2003,France,Number,Females,Total,Pneumonia,6 578,6578
2004,France,Number,Males,Total,Pneumonia,4 506,4506
2004,France,Number,Females,Total,Pneumonia,5 176,5176
2005,France,Number,Males,Total,Pneumonia,5 225,5225
2005,France,Number,Females,Total,Pneumonia,6 132,6132
2006,France,Number,Males,Total,Pneumonia,4 653,4653
2006,France,Number,Females,Total,Pneumonia,5 190,5190
2007,France,Number,Males,Total,Pneumonia,5 118,5118
2007,France,Number,Females,Total,Pneumonia,5 401,5401
2008,France,Number,Males,Total,Pneumonia,5 107,5107
2008,France,Number,Females,Total,Pneumonia,5 701,5701
2001,France,Number,Males,Total,"Pregnancy, childbirth and the puerperium",:,
2001,France,Number,Females,Total,"Pregnancy, childbirth and the puerperium",61,61
2002,France,Number,Males,Total,"Pregnancy, childbirth and the puerperium",:,
2002,France,Number,Females,Total,"Pregnancy, childbirth and the puerperium",81,81
2003,France,Number,Males,Total,"Pregnancy, childbirth and the puerperium",:,
2003,France,Number,Females,Total,"Pregnancy, childbirth and the puerperium",66,66
2004,France,Number,Males,Total,"Pregnancy, childbirth and the puerperium",:,
2004,France,Number,Females,Total,"Pregnancy, childbirth and the puerperium",61,61
2005,France,Number,Males,Total,"Pregnancy, childbirth and the puerperium",:,
2005,France,Number,Females,Total,"Pregnancy, childbirth and the puerperium",47,47
2006,France,Number,Males,Total,"Pregnancy, childbirth and the puerperium",:,
2006,France,Number,Females,Total,"Pregnancy, childbirth and the puerperium",68,68
2007,France,Number,Males,Total,"Pregnancy, childbirth and the puerperium",:,
2007,France,Number,Females,Total,"Pregnancy, childbirth and the puerperium",70,70
2008,France,Number,Males,Total,"Pregnancy, childbirth and the puerperium",:,
2008,France,Number,Females,Total,"Pregnancy, childbirth and the puerperium",64,64
2001,France,Number,Males,Total,Rheumatoid arthritis and arthrosis ,164,164
2001,France,Number,Females,Total,Rheumatoid arthritis and arthrosis ,575,575
2002,France,Number,Males,Total,Rheumatoid arthritis and arthrosis ,150,150
2002,France,Number,Females,Total,Rheumatoid arthritis and arthrosis ,583,583
2003,France,Number,Males,Total,Rheumatoid arthritis and arthrosis ,155,155
2003,France,Number,Females,Total,Rheumatoid arthritis and arthrosis ,555,555
2004,France,Number,Males,Total,Rheumatoid arthritis and arthrosis ,152,152
2004,France,Number,Females,Total,Rheumatoid arthritis and arthrosis ,475,475
2005,France,Number,Males,Total,Rheumatoid arthritis and arthrosis ,149,149
2005,France,Number,Females,Total,Rheumatoid arthritis and arthrosis ,510,510
2006,France,Number,Males,Total,Rheumatoid arthritis and arthrosis ,137,137
2006,France,Number,Females,Total,Rheumatoid arthritis and arthrosis ,449,449
2007,France,Number,Males,Total,Rheumatoid arthritis and arthrosis ,138,138
2007,France,Number,Females,Total,Rheumatoid arthritis and arthrosis ,494,494
2008,France,Number,Males,Total,Rheumatoid arthritis and arthrosis ,136,136
2008,France,Number,Females,Total,Rheumatoid arthritis and arthrosis ,505,505
2001,France,Number,Males,Total,Sudden infant death syndrome,229,229
2001,France,Number,Females,Total,Sudden infant death syndrome,123,123
2002,France,Number,Males,Total,Sudden infant death syndrome,183,183
2002,France,Number,Females,Total,Sudden infant death syndrome,115,115
2003,France,Number,Males,Total,Sudden infant death syndrome,173,173
2003,France,Number,Females,Total,Sudden infant death syndrome,90,90
2004,France,Number,Males,Total,Sudden infant death syndrome,160,160
2004,France,Number,Females,Total,Sudden infant death syndrome,106,106
2005,France,Number,Males,Total,Sudden infant death syndrome,165,165
2005,France,Number,Females,Total,Sudden infant death syndrome,94,94
2006,France,Number,Males,Total,Sudden infant death syndrome,144,144
2006,France,Number,Females,Total,Sudden infant death syndrome,113,113
2007,France,Number,Males,Total,Sudden infant death syndrome,133,133
2007,France,Number,Females,Total,Sudden infant death syndrome,85,85
2008,France,Number,Males,Total,Sudden infant death syndrome,152,152
2008,France,Number,Females,Total,Sudden infant death syndrome,109,109
2001,France,Number,Males,Total,"Symptoms, signs and abnormal clinical and laboratory findings, not elsewhere classified",15 872,15872
2001,France,Number,Females,Total,"Symptoms, signs and abnormal clinical and laboratory findings, not elsewhere classified",19 862,19862
2002,France,Number,Males,Total,"Symptoms, signs and abnormal clinical and laboratory findings, not elsewhere classified",16 071,16071
2002,France,Number,Females,Total,"Symptoms, signs and abnormal clinical and laboratory findings, not elsewhere classified",20 475,20475
2003,France,Number,Males,Total,"Symptoms, signs and abnormal clinical and laboratory findings, not elsewhere classified",17 010,17010
2003,France,Number,Females,Total,"Symptoms, signs and abnormal clinical and laboratory findings, not elsewhere classified",22 274,22274
2004,France,Number,Males,Total,"Symptoms, signs and abnormal clinical and laboratory findings, not elsewhere classified",14 974,14974
2004,France,Number,Females,Total,"Symptoms, signs and abnormal clinical and laboratory findings, not elsewhere classified",18 342,18342
2005,France,Number,Males,Total,"Symptoms, signs and abnormal clinical and laboratory findings, not elsewhere classified",15 836,15836
2005,France,Number,Females,Total,"Symptoms, signs and abnormal clinical and laboratory findings, not elsewhere classified",19 781,19781
2006,France,Number,Males,Total,"Symptoms, signs and abnormal clinical and laboratory findings, not elsewhere classified",15 332,15332
2006,France,Number,Females,Total,"Symptoms, signs and abnormal clinical and laboratory findings, not elsewhere classified",18 966,18966
2007,France,Number,Males,Total,"Symptoms, signs and abnormal clinical and laboratory findings, not elsewhere classified",16 045,16045
2007,France,Number,Females,Total,"Symptoms, signs and abnormal clinical and laboratory findings, not elsewhere classified",19 640,19640
2008,France,Number,Males,Total,"Symptoms, signs and abnormal clinical and laboratory findings, not elsewhere classified",16 895,16895
2008,France,Number,Females,Total,"Symptoms, signs and abnormal clinical and laboratory findings, not elsewhere classified",20 789,20789
2001,France,Number,Males,Total,Transport accidents,5 840,5840
2001,France,Number,Females,Total,Transport accidents,2 125,2125
2002,France,Number,Males,Total,Transport accidents,5 672,5672
2002,France,Number,Females,Total,Transport accidents,1 930,1930
2003,France,Number,Males,Total,Transport accidents,4 811,4811
2003,France,Number,Females,Total,Transport accidents,1 538,1538
2004,France,Number,Males,Total,Transport accidents,4 237,4237
2004,France,Number,Females,Total,Transport accidents,1 390,1390
2005,France,Number,Males,Total,Transport accidents,4 204,4204
2005,France,Number,Females,Total,Transport accidents,1 404,1404
2006,France,Number,Males,Total,Transport accidents,3 828,3828
2006,France,Number,Females,Total,Transport accidents,1 197,1197
2007,France,Number,Males,Total,Transport accidents,3 697,3697
2007,France,Number,Females,Total,Transport accidents,1 162,1162
2008,France,Number,Males,Total,Transport accidents,3 506,3506
2008,France,Number,Females,Total,Transport accidents,1 045,1045
2001,France,Number,Males,Total,Tuberculosis,545,545
2001,France,Number,Females,Total,Tuberculosis,516,516
2002,France,Number,Males,Total,Tuberculosis,507,507
2002,France,Number,Females,Total,Tuberculosis,462,462
2003,France,Number,Males,Total,Tuberculosis,518,518
2003,France,Number,Females,Total,Tuberculosis,441,441
2004,France,Number,Males,Total,Tuberculosis,433,433
2004,France,Number,Females,Total,Tuberculosis,404,404
2005,France,Number,Males,Total,Tuberculosis,443,443
2005,France,Number,Females,Total,Tuberculosis,418,418
2006,France,Number,Males,Total,Tuberculosis,402,402
2006,France,Number,Females,Total,Tuberculosis,341,341
2007,France,Number,Males,Total,Tuberculosis,364,364
2007,France,Number,Females,Total,Tuberculosis,318,318
2008,France,Number,Males,Total,Tuberculosis,343,343
2008,France,Number,Females,Total,Tuberculosis,310,310
2001,France,Number,Males,Total,"Ulcer of stomach, duodenum and jejunum",486,486
2001,France,Number,Females,Total,"Ulcer of stomach, duodenum and jejunum",517,517
2002,France,Number,Males,Total,"Ulcer of stomach, duodenum and jejunum",493,493
2002,France,Number,Females,Total,"Ulcer of stomach, duodenum and jejunum",446,446
2003,France,Number,Males,Total,"Ulcer of stomach, duodenum and jejunum",501,501
2003,France,Number,Females,Total,"Ulcer of stomach, duodenum and jejunum",481,481
2004,France,Number,Males,Total,"Ulcer of stomach, duodenum and jejunum",412,412
2004,France,Number,Females,Total,"Ulcer of stomach, duodenum and jejunum",431,431
2005,France,Number,Males,Total,"Ulcer of stomach, duodenum and jejunum",466,466
2005,France,Number,Females,Total,"Ulcer of stomach, duodenum and jejunum",423,423
2006,France,Number,Males,Total,"Ulcer of stomach, duodenum and jejunum",398,398
2006,France,Number,Females,Total,"Ulcer of stomach, duodenum and jejunum",393,393
2007,France,Number,Males,Total,"Ulcer of stomach, duodenum and jejunum",398,398
2007,France,Number,Females,Total,"Ulcer of stomach, duodenum and jejunum",413,413
2008,France,Number,Males,Total,"Ulcer of stomach, duodenum and jejunum",440,440
2008,France,Number,Females,Total,"Ulcer of stomach, duodenum and jejunum",448,448
2001,France,Number,Males,Total,Viral hepatitis,471,471
2001,France,Number,Females,Total,Viral hepatitis,439,439
2002,France,Number,Males,Total,Viral hepatitis,472,472
2002,France,Number,Females,Total,Viral hepatitis,405,405
2003,France,Number,Males,Total,Viral hepatitis,406,406
2003,France,Number,Females,Total,Viral hepatitis,329,329
2004,France,Number,Males,Total,Viral hepatitis,399,399
2004,France,Number,Females,Total,Viral hepatitis,342,342
2005,France,Number,Males,Total,Viral hepatitis,430,430
2005,France,Number,Females,Total,Viral hepatitis,355,355
2006,France,Number,Males,Total,Viral hepatitis,407,407
2006,France,Number,Females,Total,Viral hepatitis,335,335
2007,France,Number,Males,Total,Viral hepatitis,408,408
2007,France,Number,Females,Total,Viral hepatitis,317,317
2008,France,Number,Males,Total,Viral hepatitis,462,462
2008,France,Number,Females,Total,Viral hepatitis,359,359
